J,1
JA,1
Jackson,1
Jacobi,1
Jacobitism,2
Jacquelyn,2
Jaganmati,1
Jailsco,1
Jaimie,1
Jamesburg,2
Jamima,1
Jamshid,1
Janot,1
Janus,3
Japonically,1
Jaur,3
Javanee,1
Jaynes,1
Jerrylee,2
Jodine,2
Joerg,1
Johannesburg,2
Joseph's-coat,3
Jovicentrically,3
Judean,3
Judeo-German,3
Judith,2
Juetta,1
Jule,2
Julia,3
Julien,1
Juliette,1
KRP,1
Kabardian,1
Kaddish,1
Kafirs,1
Kafre,2
Kalman,1
Kamuela,3
Kantism,2
Karachi,1
Karameh,1
Kas,2
Kati,1
Katmai,3
Kattegat,3
Kayastha,1
Kaylil,3
Kayseri,3
Kazak,3
Keensburg,3
Keita,1
Kelila,1
Kenlay,2
Kenley,2
Keon,1
Keosauqua,3
Kerrick,1
Kerwin,2
Kerwon,1
Ketoi,2
Khlysts,2
Khoury,1
Kikwit,3
Kilbourne,1
Kinsley,1
Kipton,3
Kirbie,1
Kirbyville,1
Kirit,1
Kirkpatrick,2
Kirkwood,1
Kirovabad,2
Kissimmee,3
Kitamat,1
Kitty,2
Kiushu,1
Kizil,3
Klayman,1
Klber,2
Klenk,1
Kline,2
Knepper,1
Knoxboro,3
Kochkin,3
Kohen,1
Kolnos,1
Konawa,2
Kossaean,1
Kraul,3
Kristoforo,2
Krucik,2
Kuehneola,1
Kulpsville,1
Kuomintang,2
Kuprin,2
Kurumba,2
Kwapa,1
Kweilin,1
L-P,2
L5,1
LL.D.,3
LMT,1
Laceyville,1
Ladew,1
Laestrygonians,1
Laflam,2
Lagerkvist,2
Laharpe,1
Lakehurst,3
Lambertson,2
Lamicoid,2
Lamut,2
Lanarkia,2
Lanctot,1
Land,3
Landenberg,3
Langmuir,1
Lanta,1
Lapine,1
Lapp,3
Lashonda,1
Lassus,3
Lauraceae,1
Laurice,2
Lavatera,1
Lavina,1
Laz,3
Leeds,1
Leguatia,3
Leguia,1
Leibnizian,1
Leics,1
Leipzig,1
Leiser,3
Leonia,1
Lepaya,3
Lepidodendraceae,1
Lichenes,1
Liddiard,1
Liebfraumilch,1
Liederman,3
Lindseyville,1
Lingayata,1
Linneus,1
Lipotyphla,2
Lisabet,1
Lithodidae,2
Lithosiidae,3
Litorinidae,1
Livingston,2
Livonia,2
Loami,1
Lobata,1
Lod,1
Logos,2
Logres,3
Lokindra,2
Lollardy,3
Lolo,1
Lomb,3
Longmire,1
Loreen,2
Lorinda,2
Lorris,1
Lotha,1
Lothario,2
Loveridge,3
Luceres,1
Ludewig,3
Ludie,1
Luminal,1
Lunseth,3
Lunt,1
Lurcat,3
Lydia,2
Lygodesma,1
Lysander,1
MAN,1
MASER,3
MED,1
MHW,1
MIR,1
MIRS,1
MJ,2
MOG,2
MPers,2
MSGeolE,3
MacNair,1
Macedon,1
Machmeter,1
Mackie,3
Madelaine,1
Mahla,2
Mahori,1
Maiacca,1
Maidel,1
Maikop,1
Malaccan,1
Malenkov,1
Maliki,1
Malvern,1
Manard,1
Mandaeism,1
Mande,2
Mano,1
Mansard,3
Mansoor,3
Mansura,1
Manton,1
Manzas,2
Maorilander,3
Maracanda,1
Marcion,1
Marelda,2
Marella,1
Mariandi,3
Mariejeanne,3
Marthe,1
Martinton,3
Marutani,2
Marylhurst,1
Masoretic,3
Mass,1
Massasoit,1
Matejka,3
Mather,2
Mavisdale,1
Mavortian,1
Maximilien,3
Mayence,1
McAdoo,1
McCormick,3
McCully,2
McDonnell,2
McLeansboro,3
McNary,1
McTeague,1
Mchen,1
Mdlles,1
Medardas,3
Medwin,1
Megaladapis,1
Megatheriidae,2
Meissen,1
Meleagris,1
Memphremagog,1
Mendes,1
Mendham,1
Menispermum,2
Menoetes,3
Menthaceae,1
Mercedita,3
Mercer,2
Merginae,1
Meriden,1
Meshech,1
Mesostoma,3
Metabus,2
Metope,2
Mettie,1
Meuser,2
Mid-june,3
Mid-renaissance,3
Midianite,1
Miguela,2
Milanville,3
Millmont,2
Mincopi,3
Minnesotan,1
Minny,1
Minooka,3
Minsk,1
Mitchiner,3
Mithraic,1
Mize,1
Moazami,3
Moham.,1
Mok,3
Mondale,1
Mondayland,1
Monette,1
Monona,1
Monotropsis,1
Montevideo,2
Montmelian,1
Montrachet,1
Moros,1
Morrison,1
Mosasauri,1
Moshesh,1
Moureaux,1
Mroz,2
Mudejar,2
Muhlenberg,2
Mukri,1
Mulhausen,2
Munshi,2
Muradiyah,1
Mures,1
Murut,3
Myriophyllum,1
Myxomycetes,1
Myzodendron,1
N.C.,1
N.W.T.,1
N.Y.C.,3
NAPAP,1
NCD,3
NCIC,2
NHR,2
NROFF,2
NSFNET,2
Nabila,1
Nace,1
Naches,2
Naiadales,2
Nakuru,1
Nasi,1
Natalina,1
Nausithous,2
Nayarita,2
NbW,1
Nekhebet,1
Nelli,2
Nemathelminthes,1
Neoarctic,2
Neofiber,3
Neosporidia,2
Neperian,1
Neph,3
Nephilinae,1
Neslund,2
Niagara,1
Niagaran,2
Niantic,1
Nicholas,1
Nicklaus,2
Nicolaitanism,3
Nidularia,1
Nikon,3
Nimrod,3
Nisswa,1
Nodababus,2
Nogas,3
Nolan,2
Non-hebraic,1
Non-malayan,1
Norborne,3
Noric,3
Norrie,3
Norris,1
Norseman,2
Novatianism,1
Nunnelly,1
Nyregyhza,1
O'Gowan,3
OEM,1
OEP,3
OO,3
Obidicut,2
Obrien,1
Ocoee,3
Ocypodidae,1
Odele,1
Odelsthing,1
Odlo,1
Odzookers,2
Oina,1
Okavango,3
Oldfieldia,3
Onychophora,1
Opportuna,2
Orban,2
Oreodontidae,1
Oreophasis,3
Orientalise,1
Orthocarpus,1
Osnabr,2
Osnaburg,1
Ostler,2
Ostrogothian,3
Othniel,1
Othonna,3
Ottsville,1
Owlshead,1
PCC,2
PCDA,1
PID,1
PRB,1
Pacchionian,3
Paiute,2
Pakawan,1
Palaeeudyptes,1
Palatua,1
Pamirs,1
Panamanian,3
Panhellenism,3
Pantagruelic,2
Paradisia,1
Parke,1
Parmentiera,1
Parmigianino,1
Parsism,1
Parthenius,4
Pasquale,3
Passer,2
Patiala,1
Pazit,3
Pearman,2
Pelasgikon,1
Pengilly,3
Pennales,1
Pepysian,3
Periboea,1
Peripateticism,3
Periphas,3
Perkins,2
Perle,3
Perloff,1
Perrysville,1
Petrarchal,2
Petua,1
Peutingerian,2
Pewamo,3
Pharoah,3
Pharsalus,1
Philippics,2
Philistian,1
Philo-hindu,1
Philo-zionist,1
Phoenicales,1
Pholas,3
Physalia,1
Phytophagineae,2
Pierceville,1
Pikesville,1
Pinacoceras,1
Pinto,2
Pitris,1
Pius,3
Placodontia,1
Plafker,2
Plainfield,2
Planuloidea,1
Plassey,2
Platycephalidae,1
Platystomidae,1
Pledger,1
Pleuropterygii,3
Pliner,2
Pluto,3
Podalirius,3
Podargidae,1
Polkton,2
Polkville,2
Pomaderris,1
Pondomisi,1
Porcellana,1
Porcellanidae,2
Post-galilean,3
Potemkin,3
Povindah,3
Praenestinian,1
Prestonpans,1
Primghar,1
Pro-belgian,3
Pro-chicagoan,2
Pro-cymric,3
Pro-hawaiian,1
Pro-prussian,1
Procyoninae,1
Prodromia,2
Progymnasium,2
Promessi,1
Pronuba,3
Ptolemaism,1
Publea,2
Publia,1
Pudendas,3
Puglia,1
Punic,2
Putsch,2
Pvt.,2
Pyrausta,3
Pyronema,1
Pyrularia,3
QDA,1
Quaker,2
Quinault,1
RBT,2
RDT,1
RITA,2
RPM,1
Rachelle,1
Radnor,2
Raiford,1
Raimondo,1
Ralleigh,1
Ramsdell,3
Rangifer,1
Ranite,1
Rasalas,1
Rashi,1
Raskind,1
Rasmussen,1
Raveaux,2
Rawlings,3
Re-english,1
Ready,1
Reaumur,1
Rect,2
Redemptine,3
Reede,1
Reef,1
Regularia,1
Reiners,3
Ressler,1
Rexine,1
Rexmond,1
Rhinidae,1
Rhinolophidae,3
Rhoads,3
Rhytisma,1
Richmond,1
Rigsmaal,1
Rileyville,2
Ringsted,3
Ritner,1
Robbiole,2
Robin,3
Roboam,1
Rockhampton,2
Rollingstone,3
Romito,3
Ronn,1
Ronni,3
Rosanna,2
Rosebud,2
Roselia,1
Rosemaria,2
Rotenburg,3
Roulers,1
Roxie,1
Ruddie,2
Rudista,1
Ruggiero,2
Ruiz,3
Runkle,1
Rusert,3
Russelyn,1
Ruthenian,3
jacamars,3
jackbird,1
jackbox,1
jacklight,2
jacksnipe,2
jackstay,1
jackstays,3
jacture,2
jagath,2
jaggheries,2
jagirdar,1
jambeaux,1
jamboree,2
jane-of-apes,1
jaob,1
japonica,2
jarless,2
jasperize,2
jaunting,2
jawbreaker,1
jawfall,2
jayhawk,1
jays,1
jazzers,2
jct.,1
jealously,2
jelliedness,1
jellifying,1
jembe,3
jemble,2
jennets,2
jerry-builder,3
jert,1
jet-black,1
jettatore,2
jettingly,1
jettying,1
jewelless,3
jibers,2
jingly,1
jink,2
jinrikimen,1
jipijapa,2
jockeying,2
jocoseness,3
jocularities,2
jocund,1
jointedly,3
jointuring,2
joked,3
jorams,2
jotation,1
jovialty,1
joy-rode,2
joypops,3
joysome,2
juamave,2
jubardy,1
jubileal,1
judcock,1
judgeship,3
jumillite,3
junketer,1
junkies,3
juslted,2
jusquaboutisme,1
justico,3
justified,2
justifies,1
justment,1
juttying,1
jyngine,2
kabala,2
kabars,1
kakariki,3
kalathoi,1
kamelaukion,2
kannume,1
karats,1
karvar,2
karyocyte,2
karyokinesis,2
karyolytic,2
karyomitome,1
kasm,1
kat-,3
katakinetomeric,1
katjepiering,1
kayos,3
kayward,2
kazatski,1
keckling,1
kecks,1
keelrake,1
keen-eyed,2
keen-nosed,1
kefiric,1
kenspeckle,2
keratosis,1
keraunophonic,1
kerseynette,3
ketoses,2
keypunchers,3
khanates,2
kickoffs,2
kidling,1
kikori,3
killock,3
kilometer,1
kilovar,1
kilovolt-ampere,1
kinescoped,3
kinesthetic,3
kinetomeric,3
kingdomship,1
kinkhab,3
kirmess,1
kisan,4
kishkas,1
kitchendom,2
kitchenet,1
kiwis,1
klip,2
knackeries,1
knappishly,3
knaw,1
knee-length,3
kneepan,3
knickknack,1
knifeway,1
knobble,2
knoblike,2
knocked-down,2
knotroot,1
knowingest,3
knucklers,1
kodurite,2
kolskite,1
kornerupine,1
koswite,1
koumysses,4
krome,1
kudos,2
kynurenic,2
laang,1
labibia,1
labiovelarizing,3
labor,3
laborage,2
lacetilian,2
lackland,1
lacunas,2
ladder-back,3
lades,4
lady-smock,1
lagena,1
lahar,1
laithly,3
lakier,1
lambers,1
lambkill,3
lamellarly,3
lamellate,1
lamnid,1
lamp-blown,3
lampf,2
lampoonists,1
landwire,1
langoon,2
lanthania,1
lanuginose,2
laparosplenectomy,1
lapps,2
lardy,1
large-flowered,2
large-petaled,3
larghettos,3
larrikin,1
larrups,3
lasciviousnesses,2
lashes,2
lasses,1
lassitudes,1
latch-key,2
latching,1
late-imprisoned,3
latening,1
latericumbent,1
latirostral,2
laughter-lit,2
launcher,3
laundry,1
laurae,3
laureated,1
laureates,1
laurel-decked,2
laurestinus,4
laurone,1
laverwort,1
law-honest,1
law-merchant,2
lawn's,1
lawns,2
lawyership,3
layouts,2
leadman,1
leafless,3
lecanorine,3
leftwing,1
leggy,1
legislate,3
legitimist,1
legume,1
leguminiform,3
lei,1
leiodermatous,1
leisureliness,3
lemnisnisci,2
leng,1
lengthful,3
lenitiveness,1
lens's,2
lenslike,1
leonite,2
lepothrix,2
leprosaria,3
leptera,1
leptochlorite,2
leptomatic,1
leskeaceous,2
lessen,3
lessens,1
letting,1
leucine,3
leveling,1
lever's,1
lexicography,2
lianes,3
libelant,1
liberalizing,2
librated,1
lick-spigot,1
lieutenants,3
lifesaving,1
lifetime's,3
light-colored,2
lightens,3
lightless,1
lightmindedly,2
lightmindedness,1
lightsmen,3
likable,1
like-minded,3
like-sized,2
lilied,3
lily-robed,2
limbation,1
lime's,1
limnery,1
limpidity,3
linear-ensate,2
linear-setaceous,2
lineated,2
linen's,1
lingbird,1
lingually,1
linguines,1
lininess,3
linkage's,2
linous,3
linpin,2
lipaciduria,3
lipid,3
lipidic,1
lipocere,2
lipoclastic,1
lipopexia,2
lipophagic,3
liquifier,3
liquoring,3
lispound,2
lissoflagellate,2
literalising,1
literature's,1
lithest,1
lithifaction,1
lithofellinic,1
lithographs,1
lithosere,1
liti,3
litoral,1
litter-bearer,1
lituiform,1
livery-man,1
lixive,2
loafingly,1
lobefins,1
lochs,2
lockouts,1
locomotions,1
locustlike,3
lodging,2
logically,3
lollipop,3
long-crested,1
long-roofed,1
long-spine,1
long-spun,1
longevity,3
longing,1
longingness,1
longly,2
looping,1
lootsmans,1
lophophytosis,3
lopsidedly,2
lorded,1
lordwood,2
lors,2
lotah,2
loupcerviers,2
louring,3
love-bitten,1
love-delighted,1
love-lies-bleeding,1
loverless,3
low-intensity,1
low-principled,1
low-statured,1
lowy,3
loxia,1
lucerns,1
luctiferousness,2
ludefisk,1
luigini,2
lumberer,1
lumbermill,3
lumping,1
lungee,1
lunyie,3
lustihead,1
lustrant,1
lycopode,1
lymphatic,1
lymphocytomatosis,1
lymphoduct,1
lymphs,3
lyres,1
lyricized,2
macaronics,3
macaroon,1
mace-bearer,1
machinism,1
macho,1
macroconidium,1
macrophyllous,3
macrosomatia,1
macrostructure,2
macrostylous,1
mafurra,3
magazinelet,3
magazines,2
magistrally,3
magnetooptic,3
magnetophonograph,3
magnicaudate,3
magnifice,1
magueys,1
mahjongs,3
maiden,3
mailed,2
mailwomen,3
maimul,2
mainliners,1
mainpin,1
majestical,2
makeups,1
maki,1
malactic,3
malattress,1
malaxable,3
malaxation,3
maldistribute,1
maldonite,1
malease,2
malesherbiaceous,3
malignity,1
malinowskite,2
malreasoning,1
malurine,1
malvasian,1
mamas,1
mammies,1
man-created,1
man-minute,1
manaism,1
mandatary,1
mandorle,1
mandrakes,2
manglingly,1
manicate,2
manienie,3
manifer,1
manifoldwise,1
maniocs,3
manling,2
manoeuvering,2
mansional,3
mantel-tree,1
mantlepieces,1
manuever,3
manufactured,1
many-valued,2
manysidedness,2
marble-colored,1
marcantant,3
mariculture,3
marinas,1
marlite,1
marlites,2
marmarosis,1
marmots,1
marocain,1
marooner,1
marquess,2
marram,1
marrams,3
marriage,2
martialize,3
martyrish,2
masculofeminine,3
masochistic,3
massagists,1
masterling,2
masterstroke,3
masty,3
matchboarding,3
matchet,1
matrasses,2
matrilocal,1
matrixes,1
maturely,1
maucaco,2
maudlin,2
mavourneen,1
maybushes,1
mayings,2
mazocacothesis,3
mazumas,1
meanderingly,1
meatometer,2
mechanist,3
meddles,2
medials,1
medicalese,1
medicaster,1
mediocrely,3
medisance,2
medullae,1
meekness,1
megabits,1
megacephalia,1
megazoospore,2
melanagogue,3
melanoidin,1
melds,1
melezitase,2
melicratum,2
melittologist,1
mellic,3
mellowest,2
melophonic,1
memorabilia,2
memorizations,2
menazon,1
meningina,3
mensurably,3
mentalize,3
mentis,1
mer,2
mercenary,2
merchantman,1
mercies,1
meresmen,2
meristematic,2
mero-,2
merognathite,3
meropic,3
merriments,2
mesenterium,1
mesic,1
mesoappendix,3
mesobregmate,2
mesode,1
mesomitosis,1
mesquin,2
messagery,2
mestee,1
mestizas,3
metabrushite,1
metacoracoid,1
metacromial,1
metadiazine,2
metahydroxide,3
metal-drilling,1
metallicize,2
metallurgic,1
metals,3
metamorphotic,2
metanitroaniline,2
metaparapteron,3
metaph,1
metapleur,3
metasome,1
metasymbol,1
metatatic,2
meteorization,3
metepisternal,3
methamphetamine,1
methionine,1
methodological,1
methylaniline,1
methylnaphthalene,1
metran,3
metropathia,2
metropolitan,1
miasmatous,2
microbeproof,1
microcephalism,1
microcosm,1
microcosmal,2
microhenry,5
micromeli,2
microprogram's,1
microrheometric,1
microscope,1
microscopics,1
microscopy,2
microsome,3
microsporidian,1
microstress,1
micrurgies,2
mid-span,3
midewin,2
midwinter,1
migniardise,1
migniardize,1
mijnheers,1
mikvahs,2
mildness,2
militiaman,2
million,3
millionist,1
millwork,1
millwright,1
miltsick,1
minglement,2
miniature's,1
minibrains,1
minifestival,1
minimal,1
minimiracle,3
minimizers,1
minisocieties,1
ministerialist,1
ministress,1
minnesinger,1
minstrelship,2
minuetic,2
miracle-breeding,1
mirier,1
mirligo,1
misadapted,2
misadmeasurement,1
misanthropia,3
misappraisement,3
misbecomingness,1
misbestowal,3
misbinds,1
misc,1
miscasting,1
misconstruction,1
miscounsel,1
misdelivery,1
misderived,3
misdescription,2
miseats,1
misenrols,1
miserability,2
misfile,2
mishmee,1
misinferring,1
misinstructing,1
mislaying,2
mislest,2
mismeasuring,3
mismoves,1
miso-,3
misosopher,1
misrelies,3
misrepresenting,5
missatical,1
misshipped,1
misspaces,1
missyllabification,2
mistouching,1
misusement,3
mitiest,2
mixobarbaric,1
mizzens,1
mnemotechnist,1
moat,3
moats,2
mobbed,1
mobilize,2
mock-beggar,3
modalism,3
modalize,1
modernised,1
modernity,3
mofettes,1
moiling,2
moisture,1
molmen,1
molossic,1
mom,2
momento,1
momentousment,1
momsers,1
monadical,3
monadically,1
monardas,1
monerula,3
monetising,1
moneygrub,4
mongolisms,3
monitary,2
monitorial,1
monochlorobenzene,2
monochromaticity,1
monochromous,2
monodists,1
monophone,2
monosepalous,3
monospermal,4
monotriglyph,2
monsignore,1
moola,2
moonlights,1
moonlikeness,2
moored,2
mooted,1
moppers-up,3
morally,1
morfond,4
morin,1
morn,3
moronic,2
mortared,1
morticed,2
mortiferous,1
mosasaurid,1
moseyed,1
mosquitofishes,1
mote,1
moths,1
motif's,2
motived,1
moto-,3
motorbike,1
motorcycle's,4
mouching,3
mouldered,2
moulter,3
mountain-high,2
mountingly,2
mournfully,1
mouthfuls,3
mowland,2
muchachos,3
mucilaginousness,2
mucose,1
mucro,1
mucronated,1
mudar,1
mudspringer,3
muffins,3
mufty,1
mug-house,1
mullets,1
mullites,3
multichannelled,1
multicoil,1
multilingual,1
multinucleolate,1
multiunion,1
multivarious,1
municipalizer,1
muntin,1
murdering,1
murmurs,1
murre,1
muscade,1
musculin,1
musha,2
mustafuz,3
mustard,3
musters,1
mustulent,2
mutenesses,3
mutilated,1
mutinousness,2
muyusa,3
muzzling,3
mycohemia,1
mycophagist,2
mycophagy,1
myelinogenesis,2
myeloblast,2
myelon,3
myelorrhagia,1
myotics,1
mysteries,2
mystics,2
mystifiers,2
mythicised,3
mythopoetic,2
mytilacean,1
myzostome,2
n-dimensional,2
nailfolds,1
nailsmith,1
namby-pambical,3
name,3
nameability,2
nanander,1
nanmu,2
napoleonite,1
narcoanalysis,1
narking,2
narrow-hipped,3
narrow-visioned,3
narrow-waisted,1
narwhals,2
nasicorn,3
nasofrontal,3
nasoseptal,1
nastika,1
natations,2
natch-bone,2
nationalistically,3
nationwide,3
native,2
naturistic,3
naturopath,2
navalistic,1
naviculare,2
neaps,3
nearlier,2
necessitating,2
neckguard,3
necklaced,1
necks,3
necrobiosis,1
necrology,1
necromancing,1
nectarizing,2
needlecase,2
neglectproof,1
neighbored,2
neighbouring,3
nemaline,3
nematic,1
nematocerous,2
nenta,2
neologize,1
neon,2
neophilism,2
nephology,1
nepotistical,3
nervose,2
netherward,4
netminder,3
netted-veined,1
nettiest,2
network's,1
neuration,3
neurilemma,2
neuroanatomic,1
neurocyte,1
neurohormonal,1
neuromimetic,1
neuropathic,2
neuropteran,3
neurotherapy,1
newspaper's,1
nickelization,2
nicotinamide,1
nicotine,1
nicotinizing,3
niggardize,2
niggery,1
nigher,2
night-black,1
night-blowing,1
nightmen,2
nigre,1
nihilities,1
nilgais,1
nitpickers,2
nitrogelatin,1
nitrogenizing,1
nivernaise,1
no-surrender,1
nocence,1
nociceptive,1
nodosariform,3
noematachometic,3
nolleity,2
nomadian,3
non-Turk,2
non-union,3
nonaccommodably,1
nonadaptor,1
nonadjudicatively,1
nonalignable,2
nonalphabetically,1
nonannouncement,1
nonanswer,1
nonapproachabness,2
nonarcing,3
nonarithmetic,2
nonascendantly,1
nonastral,3
nonbasing,2
nonbeings,1
nonbeneficently,2
nonboastingly,2
nonburnable,3
noncarbolic,1
noncelebration,3
noncertitude,3
noncharitably,2
nonchimerical,3
noncognizantly,1
noncoking,3
noncollaboration,1
noncommunally,1
noncompensative,2
noncompulsion,1
nonconception,1
nonconduction,1
nonconstituted,1
noncontrastive,1
noncooperation,1
noncorroboration,1
noncrystalline,3
noncultural,3
noncultured,2
noncuspidate,3
noncyclically,1
nondeaf,2
nondeafening,3
nondebater,1
nondecisively,1
nondefined,3
nondeflected,3
nonderelict,1
nondiffractively,2
nondiligent,1
nondiminishing,2
nondoctrinally,1
nonedibleness,1
noneffusiveness,1
nonenvironmentally,1
nonepical,2
nonescape,1
nonessentials,1
nonestimable,3
nonexigent,1
nonexistent,2
nonextensiveness,1
nonexterminatory,1
nonfealties,2
nonfelicitousness,3
nonfelonious,1
nonfeloniously,1
nonfloating,1
nonfortuitously,1
nong,1
nongases,2
nonhazardously,1
nonhomogeneously,1
nonidempotent,1
nonideological,1
nonimmunization,1
nonimperially,1
nonimplemental,1
noninclinatory,3
noninhabitance,1
noninherence,1
noninterventional,1
nonintuitive,3
nonliving,2
nonmarrying,2
nonmedicinally,1
nonmilitarily,2
nonmimetic,3
nonmoney,2
nonmountainous,1
nonmutability,2
nonnaturalist,1
nonnavigably,1
nonnecessitous,3
nonnecessitousness,2
nonnecessity,1
nonobsession,1
nonolfactories,2
nonorganic,3
nonorthodox,3
nonoutlawries,2
nonoxidative,3
nonparallelism,2
nonpatentability,1
nonperceptibleness,3
nonperceptiveness,1
nonperforming,2
nonpopulousness,1
nonporous,1
nonpossessed,1
nonpossessively,3
nonpracticableness,2
nonpreciously,2
nonprophetical,3
nonprotuberance,1
nonpunitive,1
nonpurposive,3
nonrabbinical,1
nonrecent,1
nonreconcilability,3
nonreflecting,1
nonremuneration,1
nonrequisitely,3
nonrescissible,1
nonrescissory,3
nonresidents,1
nonresistant,1
nonretention,1
nonreticence,1
nonreverent,3
nonsalutariness,1
nonschematically,1
nonschizophrenic,1
nonsociability,2
nonsolidly,1
nonsolvable,1
nonstellar,2
nonstrictured,1
nonstrophic,2
nonsubliminal,1
nonsubstantiveness,3
nonsupportable,2
nonsympathy,1
nonsymphonious,1
nonsymphoniousness,1
nonsync,1
nontactile,3
nontangibleness,1
nonterminally,2
nontextual,3
nontheatrically,3
nonthinker,1
nonusurpingly,2
nonvendibleness,3
nonwarrantably,3
nonzebra,1
noodging,1
noodle,2
nookies,1
noologist,1
noosed,1
north-east,1
northings,3
noselessness,3
notably,1
nothings,3
notidanian,1
nourishing,1
novation,3
noveletter,2
now-full,1
nowthe,3
noxa,1
nucha,2
nuclease,1
nucleoidioplasma,1
nucleolar,3
nucleonics,1
nucleopetal,2
nucleophilic,2
nudation,1
nudnick,3
nugacity,3
nullum,3
numbats,3
numerology,1
nuncioship,1
nunlet,1
nunnated,1
nunneries,1
nunni,1
nutrice,1
nutted,1
nuzzler,3
o-os,2
oak-crowned,3
oaritic,3
oatbin,1
obeah,2
obedientialness,1
objurgate,3
oblately,3
oblong,1
obnounce,1
oboists,2
obscurantic,1
obsignation,1
obstructingly,2
obtrect,1
occamy,3
occipitosphenoidal,1
occitone,3
oceanologically,3
ochring,1
ochroleucous,2
ochronosus,1
octarius,2
octastylos,1
octobers,3
octogenarian,3
ocydromine,1
odiousness,1
odium,1
odling,1
odont-,2
odontagra,2
odontohyperesthesia,3
odontoloxia,1
odorate,1
oenin,1
offcast,2
offcome,1
offencelessly,1
offension,1
officialdoms,3
officials,3
offscouring,2
offscourings,1
oft-repeated,2
ogive,2
oie,1
oil-carrying,1
oil-containing,1
oinochoes,1
oint,1
oldfangled,3
olecranoid,1
oleoresins,1
oligarchist,1
oligoclase,1
olive-clad,3
oliviform,3
omikron,3
omikrons,3
omoplate,2
oncogenicity,1
oncologist,2
one-classer,1
one-decker,1
one-piece,1
oophorectomizing,1
open-countenanced,2
open-sided,2
openendedness,1
ophthalmocele,1
ophthalmopathy,1
opiateproof,1
opiism,1
opinatively,2
opsistype,1
opsonins,2
optigraph,1
option,2
opulence,2
oracula,3
oragious,2
orale,3
oralist,1
orals,1
orates,2
orbiculares,2
orbific,1
orbitomalar,1
ordeals,1
ordinating,1
ordinato-punctate,2
oreodont,1
organismic,2
organogenesis,3
organophonic,1
orientalization,3
orientated,2
orientational,2
originable,3
originatively,1
orneriness,2
ornes,1
ornithoscopy,2
ornithurous,1
oroggaphical,2
orthoepical,1
orthophoria,1
orthophosphate,3
orthotone,2
oside,3
osmoses,1
osphresiometer,1
osseofibrous,1
ostentate,1
osteopetrosis,3
osteoplastic,3
otacousticon,2
otidiform,3
otitis,1
otoscopic,1
ototoi,2
ousting,3
outbatting,1
outbent,2
outblotted,2
outblowing,1
outbraid,2
outburst,1
outburst's,2
outchamber,3
outclamor,3
outclerk,2
outcurved,2
outdone,1
outfasts,2
outfielder,3
outfinds,1
outfitted,3
outfold,2
outgarth,1
outjinxing,3
outlaid,1
outpensioner,1
outpolled,1
outproducing,2
outrider,1
outrogued,2
outsavoring,1
outshoving,1
outskill,3
outslang,2
outsoared,1
outspring,1
outstealing,2
outsteered,1
outstrip,2
outswindling,2
outswinger,1
outtasking,3
outtwine,1
outvoyage,3
outwatched,1
outweighed,3
outwit,1
outwitted,3
outworked,1
ovariectomized,3
ovensman,1
over-liberal,2
overabused,3
overabusive,2
overacute,2
overbase,1
overbites,3
overbrown,2
overbrutalizing,1
overbuilding,3
overcalculation,1
overcalling,2
overchief,1
overclamor,3
overclog,1
overclosely,1
overcondensing,3
overconfident,1
overcostly,3
overcount,3
overcredulousness,1
overcrowd,3
overcrown,3
overdearness,1
overdiffusion,1
overdominance,1
overdosed,2
overearnestness,3
overemulate,2
overestimated,1
overexcitement,1
overexpend,2
overexuberantness,2
overflight,1
overfondness,2
overgenerous,1
overgeniality,1
overgirt,2
overglancing,1
overgrace,2
overgrievous,2
overgrowing,2
overhauled,1
overhoped,2
overhouse,4
overimpressionableness,2
overinfluences,1
overinform,3
overladen,3
overlow,1
overloyal,3
overmanned,1
overmeasure,2
overmodulation,3
overneatness,3
overnegligentness,1
overnormalized,1
overplenty,3
overpoeticizing,1
overpreoccupation,3
overpride,1
overreaches,1
overreact,3
oversceptically,3
overscurf,1
oversexed,3
overshaded,3
oversliding,1
oversown,1
overspeech,2
overspice,3
overstraight,3
overstuffed,1
oversublime,2
overswift,1
overtameness,1
overthrowing,1
overthwartly,3
overtrains,1
overtrod,1
overtutor,3
overvigorously,1
overweening,1
overwilily,1
overwrites,1
oviculum,2
ovicystic,1
ovism,1
ovology,3
owleries,1
owling,3
oxalaldehyde,1
oxo-,1
oxyanthraquinone,1
oxycalcium,2
oxydactyl,3
oxyopia,1
oyster,2
ozonization,3
p.q.,2
paceboard,2
pachynsis,1
packets,2
padishahs,2
padouks,1
paedogenetic,1
paganists,2
pailolo,1
paint-removing,2
paintrix,3
palaeontographic,2
palaeophysiology,3
palaeopsychological,2
palatoalveolar,1
pale-eyed,2
paleogenetic,2
paleolithist,1
paleways,3
palisse,1
palladinized,3
palliness,3
palmatisect,2
palmerworm,2
palmilla,1
palmiped,1
palmula,2
palpation,1
palpitate,2
palters,1
pampootee,2
pan-,2
pandava,3
pandemoniums,1
pandoura,1
panegyrized,2
panic-driven,3
panic-struck,1
panickier,3
panleukopenia,3
panococo,1
pansified,3
panspermism,3
pantheology,3
pantomania,2
pantonal,3
pantoum,1
paper-shelled,1
paper-testing,3
papillitis,2
papistry,1
papoose-root,2
papriks,1
paracentric,3
parachromatopsia,1
paracoelian,3
paragon's,2
parallelith,3
parametrization,1
paramorphine,5
paranematic,3
paranephros,2
paranymph,3
paraphraser,1
paraphraster,3
paraphronesis,1
pararosaniline,3
parascene,2
parastichies,2
parasynthesis,2
parathyroidectomized,1
paratrophic,1
paratungstate,1
parcel-terrestrial,2
parches,1
parchmentlike,1
pardonably,3
parentally,1
parhelion,1
parkinsonian,3
parlormaid,1
paroeciously,3
parrakeet,1
parramatta,2
parsonical,3
part-song,3
parthenosperm,1
participatively,3
parties,3
partridgeberries,1
partyers,2
parvenus,1
parvipotent,3
parvis,3
paseng,3
pash,3
pashing,1
passage,1
passion-kindling,1
passuses,2
pastedown,3
patana,2
patent,3
patentable,2
paternalistic,1
pathetic,1
pathophoric,1
patients,1
patriarchal,1
patriclan,2
patrilateral,3
patrologist,3
patronage,2
patterns,2
patty's,1
patulously,1
paulin,1
pauropod,3
pauselessly,3
pawkery,2
paxillus,2
paychecks,1
payload,2
pct.,1
pea-flower,1
peacocklike,3
peaking,2
pearl-encrusted,1
pearlet,1
pebbleware,1
pectens,1
peculiarising,3
pedagogue,3
pedanalysis,2
pedes,1
pedeses,1
pediadontia,1
pedicurism,1
peevish,3
peltately,1
pen-bearing,2
penalise,2
penancy,1
pendency,1
pendulous,3
peninsular,1
penk,1
pensionnaire,1
pentahexahedral,3
pentaphylacaceous,2
pentapodies,2
pentobarbitone,3
pentoses,1
peonages,1
peopleize,1
peploses,1
pepperily,1
pepsin,4
peradventure,1
perceant,1
perennially,3
perfecta,1
perfectioner,1
perforate,2
peribolus,1
periclitate,2
perididymis,1
perididymitis,1
perigenital,3
periglandular,1
perihelian,3
perilsome,1
periodontium,2
periodontoclasia,2
perioral,2
periosteally,1
perisperm,1
perispome,3
perissodactylism,1
peristerophily,3
peristomium,2
permissively,3
perodactylus,2
perquisites,1
persistence,3
person,3
personage,2
personage's,2
persuasion-proof,1
pertaining,1
pertinentness,1
perturbational,3
perturbator,1
perturbedness,1
perverse,1
pervert,1
petalon,1
petardeer,2
petiolulate,1
petiolus,2
petrels,2
petticoat's,1
pettingly,1
petty-mindedness,1
peyotyls,2
pfennig,1
phacochere,1
phages,1
phagia,1
phalangistine,1
phallaceous,1
pharmacologia,1
pharmacologies,2
pharmacopeias,1
pharmacopoeist,1
pharyngobranch,2
phenazine,1
phenotypical,2
phenylthiourea,2
phil-,1
philanthropy,1
philippus,1
phillippi,3
philomelanist,1
philoprogeneity,3
philosopheress,1
philosophizer,2
philotadpole,1
philtered,1
philtre,1
phizes,3
phlebectomy,3
phlebotomy,3
phocine,1
phonates,3
phoneme's,1
phoneticism,3
phonophotography,1
phonoreceptor,1
phonos,1
phorometer,1
phosphenyl,1
phosphorised,1
phosphorize,3
phosphorylated,2
photoepinasty,2
photogenically,2
photojournalists,1
photokinesis,2
photolithographically,1
photom.,1
photomicroscope,3
photonephoscope,3
photorelief,2
photospheric,3
phototelegraphically,3
phpht,1
phreatic,1
phrenocardiac,1
phulkari,1
physicotherapy,3
physiochemically,3
physiognomonical,1
physiologicoanatomic,1
physiosophy,2
phytological,3
phytophagous,1
piaffer,1
piano-violin,1
piazzaless,3
picara,3
piccolos,1
pickmaw,1
picramic,1
pictun,2
picuda,2
pidjajap,1
piedfort,1
pierage,1
piercent,2
piezocrystallization,3
pigmentations,3
pigmented,3
pile-driving,3
pilocarpidine,2
pilus,1
pimentel,1
pinatype,1
piniferous,3
pinite,2
pinkroots,3
pinnace,1
pinocytotically,1
pinsons,1
pintoes,2
pipefuls,3
pipperidge,1
pippier,1
pipple,3
pirates,2
pirouetted,3
pisk,1
pistolwise,1
pitch-blackness,3
pitcher-shaped,3
pitchfork,1
pitchpoll,3
pitsaws,1
pixieish,2
pizzicato,1
placard's,2
placardeer,2
plagate,3
plaguey,1
plaided,2
plainback,3
plainer,1
planariform,3
planchette,1
planctus,1
planetaries,2
planineter,1
plantaginaceous,3
plantdom,1
plasher,2
plasma,1
plasmatical,2
plasmins,3
plasmology,2
plasmomata,1
plastogene,2
plate-punching,1
platinocyanic,1
platitudinist,3
platycoelian,1
platyrrhinic,3
plausive,3
playthings,1
pleacher,2
pleasuring,1
plebescite,1
plemochoe,1
plenteously,2
pleurae,3
pleural,1
pleuric,3
pleurobranch,1
pleurolysis,1
pleuron,1
plop,3
plops,1
plotlessness,3
ploughland,2
plowed,1
plowmaker,1
plug's,2
plum-brown,1
plumbago,1
plumbings,3
plumet,1
plumlet,3
plunther,2
pneumocele,3
pneumolysis,1
pneumonolithiasis,2
pneumotherapeutics,1
podites,1
podoscapher,3
podostemad,1
poecilopod,1
poesis,1
poet-princess,1
poetasters,2
poignance,1
pointfully,2
pointingly,1
poisers,3
poison-toothed,1
poisonings,1
poisonwood,2
poke-brimmed,2
policemen,2
poligarship,3
polishedness,2
polishes,1
polka-dotted,2
polkaing,2
pollan,1
polverine,2
polyarchical,3
polychroic,1
polygenesist,1
polymery,3
polymyxin,1
polynemid,3
polypage,1
polyphloisboioism,3
polypterid,4
polypuses,1
polysyllabicity,1
pomatomid,1
pompa,3
pomperkin,2
pontificious,1
pop-up,3
popeyed,1
porch,1
porcupines,3
porencephalia,1
port-hole,1
portableness,1
portmanteau,1
portress,1
possessionalism,1
postbronchial,2
posterishness,3
postins,3
postlicentiate,1
postmarks,3
postmillennialist,1
postnasal,2
postsigner,3
posttabetic,1
posttemporal,3
posttrapezoid,1
postulant,1
pot-valliance,2
potables,1
pothead,3
pothered,1
potoroo,1
potpourris,2
potsie,3
potstone,2
potteen,1
pottinger,3
pottos,1
poufs,2
poulpe,1
pourer-off,1
powder-marked,1
powerset,2
praelectionis,1
pragmaticism,2
prairiecraft,1
pratingly,1
pray,2
pre-Hispanic,1
pre-embarrass,2
pre-eminence,1
pre-experience,3
pre-extensively,3
preacquitted,1
preacutely,1
preadamic,1
preadamitic,2
preadmire,2
preadoration,1
preappearance,3
prebendaries,3
preceding,2
precognizable,1
precommend,2
precompilation,1
precompounding,1
preconclude,1
precongratulated,1
precontemporaneity,1
precontemporaneously,3
precopy,1
precordiality,3
precorrespondent,3
precorruptness,3
precuneate,1
predeception,1
prededuct,3
predefective,1
predeserving,3
predesignating,1
predicatively,2
prediligently,3
predine,3
predisable,2
predislike,3
predivide,1
predoctorate,2
predonated,1
preedits,1
preelective,1
preeligible,1
preemperor,2
preessentially,3
preexclusion,2
preexclusive,2
preexhibit,3
prefab,3
prefatial,3
preferrer,2
prefiles,1
prefixing,2
pregustation,1
prehearing,3
preinclusion,1
preinflectional,3
preinsulation,1
prelatically,1
prelectured,1
preluders,3
premated,1
premenopausal,1
premillenarianism,1
premodel,1
premonitions,1
premonitorily,3
premoral,3
prenegotiation,1
preoperate,1
preorder,3
prepay,3
prepenetrating,1
prepensed,1
prephthisical,1
preplacement,1
preplans,2
prepolitically,2
preponderately,2
preponderating,3
prepositure,1
prepractising,3
preprimary,2
preprinting,3
prepronounced,1
prepyloric,3
prereconciliation,3
prerefining,1
prerespectable,2
prerestrain,1
presagement,2
prescutal,1
presearch,1
presentational,2
preshow,1
presser,2
pressie,1
presternal,1
prestock,3
prestore,3
presumer,1
presweetened,2
pretender,3
preternative,3
prettily,1
pretty-by-night,1
pretty-pretty,1
preunite,3
prevenances,3
previgilant,1
prewitness,1
priapuloid,2
prick-madam,3
prickseam,2
priest-hole,3
priggess,3
primitias,1
primogenital,1
primrose-haunted,1
primrose-leaved,3
primrosetime,3
princeship,1
princesse,1
prionopine,2
prism's,3
privateer,3
privies,1
privities,2
pro-Elizabethan,1
pro-Jordan,3
pro-oestrus,1
proacquittal,2
proanimistic,3
proautomation,1
probations,1
procaccia,2
proceeder,1
proclerical,3
proctoring,3
proctotresia,3
prodroma,1
prodromatically,3
professorships,2
profit-sharing,1
profitlessly,2
profluvious,2
progenitrix,1
progger,1
prognosticable,1
proheim,3
projectively,2
proke,2
proletarianising,2
proletarianly,2
proliferates,4
prolongate,3
prolongating,1
promenade's,1
promo,2
promonarchists,1
promulged,1
pronephric,3
pronephron,3
prononce,2
propacifist,3
prophetical,3
propodeon,1
propylene,1
proreformist,2
proritual,2
prorogation,3
prorogator,2
prosecting,1
prosed,2
prosist,1
prosopolepsy,2
prosphoron,1
prosternums,3
prosubstitution,3
protargin,3
protasis,2
proteosuria,2
proterandry,1
protext,2
prothalline,2
prothallium,3
protid,1
protide,1
protocolling,3
protohymenopteron,1
protomammalian,3
protomonostelic,1
protonemata,2
protophytic,3
protozoan,1
protractility,1
provedor,3
provender,1
pruinose,2
psalmist,2
pseudarthrosis,1
pseudoapoplectic,2
pseudoascetical,3
pseudocandidly,1
pseudochemical,3
pseudocommisural,1
pseudoedemata,3
pseudogeneral,1
pseudoholoptic,3
pseudoindependently,1
pseudologically,3
pseudomeric,2
pseudomycelial,2
pseudoneuropterous,1
pseudonymousness,2
pseudoprostyle,2
pseudoresidential,2
pseudosclerosis,1
pseudosematic,1
pseudoservile,1
pseudosymptomatic,1
psomophagic,2
psoriatiform,3
psorospermosis,3
psuedo,2
psychodiagnostics,1
psychodynamic,1
psychokinesia,1
psychopaths,2
psychotoxic,1
pteridophytous,2
pteroma,1
pteromalid,2
pterosaurian,2
pterygoquadrate,1
ptyalogenic,1
pub,1
pub's,1
publicizes,2
puddingwives,2
pugree,2
pulleys,2
pullus,2
pulpification,1
pulpital,1
pumpernickels,2
punatoo,2
pungles,1
punyism,1
pupae,1
pupigerous,1
pure-bosomed,3
purgers,1
purpense,2
purslane,1
purvey,1
purveyal,1
pushier,1
putlog,1
putouts,2
putrefying,1
putters,1
putto,2
puzzler,1
pyolabyrinthitis,1
pyosalpingitis,1
pyracene,2
pyrenes,1
pyrexia,3
pyrocomenic,2
pyrographies,2
pyrolignous,2
pyrological,1
pyrroyl,1
qaimaqam,2
qibla,1
quadragenarian,1
quadratosquamosal,3
quadricycler,1
quadrifid,1
quaestio,2
quagmired,1
quarantine's,2
quarter-sheet,2
quasi-anxiously,1
quasi-beneficially,1
quasi-comically,3
quasi-compulsorily,2
quasi-congratulatory,2
quasi-continuously,2
quasi-eminent,2
quasi-episcopal,3
quasi-essential,1
quasi-guaranteed,1
quasi-harmfully,2
quasi-internationally,3
quasi-intolerantly,1
quasi-mysterious,3
quasi-partisan,3
quasi-poor,1
quasi-pupillary,1
quasi-spirited,2
quasi-traditionally,2
quasi-virtuously,1
quaternities,1
quatrains,1
queans,1
queening,1
queer-eyed,1
queer-looking,3
quercinic,1
quetenite,3
quick-burning,2
quick-froze,2
quickenbeam,1
quickener,2
quickens,1
quinaldinic,2
quinite,1
quinoidine,1
quinols,1
quinonimin,1
quinquepetaloid,3
quinte,1
quinternion,1
quinteron,2
quirkily,1
quixotic,2
quobosque-weed,3
quotha,1
rabato,1
rabbets,3
rabbish,1
rabbled,3
raccoonberry,1
race-horse,1
racebrood,2
rache,1
rachitis,2
racketed,2
racketeerings,1
rackman,1
radiability,2
radidii,2
radiodating,4
radiohumeral,3
radiotelephoning,1
radius,3
railcar,3
rainbound,3
rainsquall,2
rainwashes,1
rainworm,1
rallycross,2
ramies,3
ramilies,2
rammed,1
ramp's,1
ramps,3
ramverse,3
randiness,1
randomized,2
rank-springing,3
rank-swelling,1
rantree,1
raploch,1
rapture-speaking,2
rareness,2
rarenesses,1
rascacio,3
rascality,3
rasers,1
rashnesses,1
ratihabition,1
rationalities,3
rations,1
rattleroot,3
rattleskulled,2
ravagers,2
raven-black,3
raven-toned,1
ravishingness,2
raw-head,1
razees,1
razor-leaved,1
rcpt.,1
re-embattle,1
re-emigrate,3
re-emphasize,1
re-employ,2
re-employment,2
re-proved,1
re-reckon,1
reabbreviates,2
reaccelerated,1
reaccustom,1
reach-me-downs,1
reaction-proof,2
reactive,1
reacuaintance,2
reagency,1
reaginically,3
realigned,3
realisticness,2
reallege,1
really,1
realm-destroying,2
realterable,3
realterableness,1
reanesthetizes,2
reapparition,3
reappointments,3
reapportions,2
rearrive,1
rearwardly,2
reatus,2
reback,1
rebarbarize,2
rebelliously,1
rebody,1
rebroadened,2
rebuilds,1
rebukes,3
reburse,2
rebused,1
rebuttal,1
recaptor,2
recaptures,3
recarried,3
recessor,3
rechant,2
rechoose,1
recitation,1
recivilize,2
reclassifications,1
recoagulate,1
recognizably,1
recognized,3
recollections,3
recolonisation,1
recolonizing,3
recommissioning,3
recommissions,1
reconnoiters,2
reconquering,3
reconsecrates,1
reconsigning,3
reconsolidated,3
recrementitial,2
rect-,1
red-flagger,3
red-harden,2
red-light,1
redacting,1
redamaged,1
redarn,1
reddish-green,1
redeal,3
redealing,1
redebit,1
redelegating,1
redeleting,1
redenying,1
redhead-grass,2
redipper,3
redisbursement,3
redischarge,2
redischarging,2
rediscountable,1
redistrain,1
redivide,1
redivulgence,1
redox,1
redundantly,2
redward,1
reearned,1
reeducative,1
reemigrated,1
reemitted,2
reequipping,2
reexamination,1
reexecute,1
reexplicating,1
reexpressing,3
reffing,1
refire,1
reflate,1
reflets,1
reformer,2
refreeze,1
refresher,1
refuged,1
refurl,1
regalist,1
regality,2
regamble,2
regattas,3
regave,1
regian,3
regional,2
regiving,1
regna,1
regrinding,1
regrouping,3
reheeled,1
rehumanizing,2
rehypothecated,3
rehypothecator,1
reichspfennig,2
reinclusion,1
reindebted,1
reinfuse,1
reinoculating,1
reinstil,3
reinvents,3
reinvestigate,1
reives,1
rejacket,3
rejounce,1
rel,2
relapser,1
releasor,3
relessa,1
relievingly,3
religate,2
reloans,1
relong,3
remantle,1
remasticated,1
remediability,1
remindful,1
remonstrances,2
remoter,2
remuable,3
remuda,1
renderer,3
renegaded,2
reneutralized,2
renewal,2
reni-,2
rennases,1
reoccupied,1
reoccupy,2
reown,1
reoxidising,1
reoxidized,1
repartitionable,3
repast,1
repealers,1
repeatal,1
repic,1
replayed,1
repleat,1
replevied,2
replunder,3
reprehensibly,1
representationist,2
representer,2
repressible,3
repromulgated,1
repropitiation,1
reprovably,3
reprovision,3
reptiliary,1
repudiative,1
repurple,1
repursuit,1
requiems,3
resales,1
resaws,1
rescuer,1
resewing,1
reshined,1
reshipment,1
resilient,2
resin's,3
resistent,1
resolidified,1
resoluteness,3
resounder,1
resource,1
respeak,3
respectless,2
respiratored,3
respiteless,1
restem,2
restful,2
restoral,1
restrap,1
resun,3
resynthesizes,1
retagged,1
retained,1
retardation,1
retaste,1
rethrive,1
retreatingness,2
retrieverish,1
retrims,1
retroactive,3
retrocostal,3
retrocouple,3
retrosternal,1
retwists,3
reuphold,3
revaccinates,1
revaluated,1
revaporization,1
revealedly,1
revehent,1
revenged,3
reveree,2
reverenced,1
reverie,3
reverified,1
revering,3
revertal,2
reviling,1
revivifying,1
revoted,1
rewinders,3
rewirable,3
rewore,1
rhabdology,1
rhabdosome,1
rhabdosphere,3
rhagonoid,2
rheoscope,1
rhizo-,2
rhizome,3
rhizomorph,1
rhodanthe,2
rhodeswood,1
rhombiform,2
rhopalic,3
rhopalium,3
rhumbas,2
riancy,3
riatas,3
ribband,1
riblike,1
ricinium,1
ricinoleic,3
riddlers,2
rideable,2
ridgils,2
ridiculing,2
riftless,1
rig-up,1
right-bred,3
right-of-way,2
righto,1
rile,2
rim-bending,3
rim-bound,3
rimed,3
rimption,1
ring-bone,1
ringingly,1
ringside,2
ripen,3
ripplingly,3
ripsnorting,3
rishi,1
risp,1
ritards,2
ritornello,2
riverboat,3
riverscape,1
rixdaler,1
roamed,3
roborants,1
robustnesses,1
rockaways,1
rocketries,2
rockman,2
rod-polishing,2
roentgenoscopies,2
rohuna,1
rolamites,1
rollock,1
romantic's,3
romanticism,3
rondeau,3
root-stock,2
ropable,1
rope-muscled,3
ropelike,3
roploch,2
rory-tory,2
roscherite,3
rose-blue,3
rose-colour,2
roselite,2
rosery,1
rosinwood,2
rotatable,2
rotten-red,3
rottenstone,2
rottlerin,2
rough-swelling,3
rough-textured,3
roughhewer,3
rouletted,1
round-crested,2
round-hoofed,3
round-skirted,1
roundlets,1
rousing,1
routed,1
rowanberry,1
rowdies,1
rubblestone,1
rubijervine,1
rufflike,2
ruffling,1
ruffly,1
ruficaudate,2
rum-bred,3
rumblement,3
rummish,1
rumormonger,3
rumpled,2
runeless,1
runoff,3
rupturewort,1
rush-wove,2
rutaceous,3
rutilated,2
te,1
